"DESCRIPTION","DURATION IN MS","NAME","PARENT SUITE","START TIME","STATUS","STOP TIME","SUB SUITE","SUITE","TEST CLASS","TEST METHOD"
"","31573","shouldTerminateTransfer_whenDataUsageEndDatePolicyExpires()","","Mon Jun 08 04:40:10 UTC 2026","passed","Mon Jun 08 04:40:42 UTC 2026","","org.eclipse.tractusx.edc.tests.policy.PolicyMonitorEndToEndTest","org.eclipse.tractusx.edc.tests.policy.PolicyMonitorEndToEndTest","shouldTerminateTransfer_whenDataUsageEndDatePolicyExpires"
"","90","Policy is accepted ""Affiliates Region""","","Mon Jun 08 04:39:14 UTC 2026","passed","Mon Jun 08 04:39:14 UTC 2026","","org.eclipse.tractusx.edc.tests.policy.PolicyDefinitionEndToEndTest","org.eclipse.tractusx.edc.tests.policy.PolicyDefinitionEndToEndTest","shouldAcceptValidPolicyDefinitions"
"","49","Policy is not accepted due to missing context ""Affiliates BPNL""","","Mon Jun 08 04:39:17 UTC 2026","passed","Mon Jun 08 04:39:17 UTC 2026","","org.eclipse.tractusx.edc.tests.policy.PolicyDefinitionEndToEndTest","org.eclipse.tractusx.edc.tests.policy.PolicyDefinitionEndToEndTest","shouldNotAcceptInvalidNamespacePolicyDefinitions"
"","64","Policy is accepted ""Contract reference""","","Mon Jun 08 04:39:15 UTC 2026","passed","Mon Jun 08 04:39:15 UTC 2026","","org.eclipse.tractusx.edc.tests.policy.PolicyDefinitionEndToEndTest","org.eclipse.tractusx.edc.tests.policy.PolicyDefinitionEndToEndTest","shouldAcceptValidPolicyDefinitions"
"","8168","azureBlobPush_withDestFolder()","","Mon Jun 08 04:39:32 UTC 2026","passed","Mon Jun 08 04:39:40 UTC 2026","","org.eclipse.tractusx.edc.tests.transfer.AzureToAzureEndToEndTest","org.eclipse.tractusx.edc.tests.transfer.AzureToAzureEndToEndTest","azureBlobPush_withDestFolder"
"","929","triggerDataTransfer_shouldFail_whenDataFlowIsNotPushFlowType()","","Mon Jun 08 04:39:12 UTC 2026","passed","Mon Jun 08 04:39:13 UTC 2026","","org.eclipse.tractusx.edc.tests.transfer.DataFlowApiEndToEndTest","org.eclipse.tractusx.edc.tests.transfer.DataFlowApiEndToEndTest","triggerDataTransfer_shouldFail_whenDataFlowIsNotPushFlowType"
"","2051","transferFolder_targetFolderNotExists_shouldCreate(Vault)","","Mon Jun 08 04:39:12 UTC 2026","passed","Mon Jun 08 04:39:15 UTC 2026","","org.eclipse.tractusx.edc.dataplane.transfer.test.AzureToAzureTest","org.eclipse.tractusx.edc.dataplane.transfer.test.AzureToAzureTest","transferFolder_targetFolderNotExists_shouldCreate"
"","65","Policy is accepted ""Access policy with empty permission""","","Mon Jun 08 04:39:16 UTC 2026","passed","Mon Jun 08 04:39:16 UTC 2026","","org.eclipse.tractusx.edc.tests.policy.PolicyDefinitionEndToEndTest","org.eclipse.tractusx.edc.tests.policy.PolicyDefinitionEndToEndTest","shouldAcceptValidPolicyDefinitions"
"","69","Policy is accepted ""Warranty Definition""","","Mon Jun 08 04:39:15 UTC 2026","passed","Mon Jun 08 04:39:15 UTC 2026","","org.eclipse.tractusx.edc.tests.policy.PolicyDefinitionEndToEndTest","org.eclipse.tractusx.edc.tests.policy.PolicyDefinitionEndToEndTest","shouldAcceptValidPolicyDefinitions"
"","8295","httpPushDataTransfer_withLegacyUsagePolicy()","","Mon Jun 08 04:43:00 UTC 2026","passed","Mon Jun 08 04:43:08 UTC 2026","","org.eclipse.tractusx.edc.tests.transfer.TransferPushEndToEndTest.Dsp08to08","org.eclipse.tractusx.edc.tests.transfer.TransferPushEndToEndTest$Dsp08to08","httpPushDataTransfer_withLegacyUsagePolicy"
"","6493","Contract policy is fulfilled ""DataExchangeGovernance use case""","","Mon Jun 08 04:40:29 UTC 2026","passed","Mon Jun 08 04:40:36 UTC 2026","","org.eclipse.tractusx.edc.tests.transfer.DivConsumerPullTest","org.eclipse.tractusx.edc.tests.transfer.DivConsumerPullTest","transferData_whenContractPolicyFulfilled"
"","80","4.3.3 Verify invalid access token - iss and sub different","","Mon Jun 08 04:38:59 UTC 2026","passed","Mon Jun 08 04:38:59 UTC 2026","","org.eclipse.dataspacetck.dcp.verification.presentation.verifier.PresentationFlowSection4Test","org.eclipse.dataspacetck.dcp.verification.presentation.verifier.PresentationFlowSection4Test","verifier_04_03_03_idTokenInvalidSub"
"","151","5.4.3.6 Verifier should reject Presentations where at least 1 credential is revoked/suspended","","Mon Jun 08 04:39:00 UTC 2026","passed","Mon Jun 08 04:39:00 UTC 2026","","org.eclipse.dataspacetck.dcp.verification.presentation.verifier.PresentationFlowSection5Test","org.eclipse.dataspacetck.dcp.verification.presentation.verifier.PresentationFlowSection5Test","verifier_05_04_03_06_presentationResponse_credentialRevoked"
"","1231","Expect the Catalog request to fail if a credential is expired","","Mon Jun 08 04:40:19 UTC 2026","passed","Mon Jun 08 04:40:20 UTC 2026","","org.eclipse.tractusx.edc.tests.transfer.DivConsumerPullTest","org.eclipse.tractusx.edc.tests.transfer.DivConsumerPullTest","catalogRequest_whenCredentialExpired"
"","6155","httpPushDataTransfer()","","Mon Jun 08 04:43:55 UTC 2026","passed","Mon Jun 08 04:44:01 UTC 2026","","org.eclipse.tractusx.edc.tests.transfer.TransferPushEndToEndTest.Dsp2025to2025","org.eclipse.tractusx.edc.tests.transfer.TransferPushEndToEndTest$Dsp2025to2025","httpPushDataTransfer"
"","8081","Contract policy is fulfilled ""MembershipCredential""","","Mon Jun 08 04:40:21 UTC 2026","passed","Mon Jun 08 04:40:29 UTC 2026","","org.eclipse.tractusx.edc.tests.transfer.DivConsumerPullTest","org.eclipse.tractusx.edc.tests.transfer.DivConsumerPullTest","transferData_whenContractPolicyFulfilled"
"","54","Expect the Catalog request to fail if a requested credential is missing","","Mon Jun 08 04:41:22 UTC 2026","passed","Mon Jun 08 04:41:22 UTC 2026","","org.eclipse.tractusx.edc.tests.transfer.StsConsumerPullTest","org.eclipse.tractusx.edc.tests.transfer.StsConsumerPullTest","catalogRequest_whenRequestedCredentialMissing"
"","6016","transferData_privateBackend_withConsumerDataPlane()","","Mon Jun 08 04:41:36 UTC 2026","passed","Mon Jun 08 04:41:42 UTC 2026","","org.eclipse.tractusx.edc.tests.transfer.TransferPullEndToEndTest.Dsp2025to2025","org.eclipse.tractusx.edc.tests.transfer.TransferPullEndToEndTest$Dsp2025to2025","transferData_privateBackend_withConsumerDataPlane"
"","79","Verify HTTP 200 response and body when refreshing succeeds","","Mon Jun 08 04:39:13 UTC 2026","passed","Mon Jun 08 04:39:13 UTC 2026","","org.eclipse.tractusx.edc.tests.edrv2.EdrCacheApiEndToEndTest","org.eclipse.tractusx.edc.tests.edrv2.EdrCacheApiEndToEndTest","getEdrWithRefresh_success"
"","3611","Contract policy is fulfilled ""DataExchangeGovernance use case""","","Mon Jun 08 04:41:27 UTC 2026","passed","Mon Jun 08 04:41:31 UTC 2026","","org.eclipse.tractusx.edc.tests.transfer.StsConsumerPullTest","org.eclipse.tractusx.edc.tests.transfer.StsConsumerPullTest","transferData_whenContractPolicyFulfilled"
"","127","Policy is not accepted because definition is not correct ""Access Policy with prohibition rule""","","Mon Jun 08 04:39:16 UTC 2026","passed","Mon Jun 08 04:39:16 UTC 2026","","org.eclipse.tractusx.edc.tests.policy.PolicyDefinitionEndToEndTest","org.eclipse.tractusx.edc.tests.policy.PolicyDefinitionEndToEndTest","shouldNotAcceptInvalidPolicyDefinitions"
"","54","Policy is not accepted due to missing context ""Data Usage End Duration Days""","","Mon Jun 08 04:39:17 UTC 2026","passed","Mon Jun 08 04:39:17 UTC 2026","","org.eclipse.tractusx.edc.tests.policy.PolicyDefinitionEndToEndTest","org.eclipse.tractusx.edc.tests.policy.PolicyDefinitionEndToEndTest","shouldNotAcceptInvalidNamespacePolicyDefinitions"
"","7658","transferData_withSuspendResume()","","Mon Jun 08 04:40:58 UTC 2026","passed","Mon Jun 08 04:41:06 UTC 2026","","org.eclipse.tractusx.edc.tests.transfer.TransferPullEndToEndTest.Dsp08to08","org.eclipse.tractusx.edc.tests.transfer.TransferPullEndToEndTest$Dsp08to08","transferData_withSuspendResume"
"","49","5.4.2.3 Verifier should reject an empty 'presentation' array","","Mon Jun 08 04:39:00 UTC 2026","passed","Mon Jun 08 04:39:00 UTC 2026","","org.eclipse.dataspacetck.dcp.verification.presentation.verifier.PresentationFlowSection5Test","org.eclipse.dataspacetck.dcp.verification.presentation.verifier.PresentationFlowSection5Test","verifier_05_04_02_03_presentationResponse_emptyPresentations"
"","66","5.4.2.1 Verifier should reject a presentation response message that contains a different credential than requested","","Mon Jun 08 04:39:00 UTC 2026","passed","Mon Jun 08 04:39:01 UTC 2026","","org.eclipse.dataspacetck.dcp.verification.presentation.verifier.PresentationFlowSection5Test","org.eclipse.dataspacetck.dcp.verification.presentation.verifier.PresentationFlowSection5Test","verifier_05_04_02_01_presentationResponse_tooFewCredentials"
"","2390","BusinessPartnerCreated event is published","","Mon Jun 08 04:38:58 UTC 2026","passed","Mon Jun 08 04:39:01 UTC 2026","","org.eclipse.tractusx.edc.tests.bpn.events.BusinessPartnerEventTest","org.eclipse.tractusx.edc.tests.bpn.events.BusinessPartnerEventTest","shouldPublishBusinessPartnerCreatedEvent"
"","80","Policy is accepted ""Version Changes""","","Mon Jun 08 04:39:15 UTC 2026","passed","Mon Jun 08 04:39:15 UTC 2026","","org.eclipse.tractusx.edc.tests.policy.PolicyDefinitionEndToEndTest","org.eclipse.tractusx.edc.tests.policy.PolicyDefinitionEndToEndTest","shouldAcceptValidPolicyDefinitions"
"","43","Policy is not accepted due to missing context ""Precedence""","","Mon Jun 08 04:39:18 UTC 2026","passed","Mon Jun 08 04:39:18 UTC 2026","","org.eclipse.tractusx.edc.tests.policy.PolicyDefinitionEndToEndTest","org.eclipse.tractusx.edc.tests.policy.PolicyDefinitionEndToEndTest","shouldNotAcceptInvalidNamespacePolicyDefinitions"
"","94","Policy is accepted ""ContractTermination""","","Mon Jun 08 04:39:15 UTC 2026","passed","Mon Jun 08 04:39:15 UTC 2026","","org.eclipse.tractusx.edc.tests.policy.PolicyDefinitionEndToEndTest","org.eclipse.tractusx.edc.tests.policy.PolicyDefinitionEndToEndTest","shouldAcceptValidPolicyDefinitions"
"","5473","Contract policy is fulfilled ""MembershipCredential""","","Mon Jun 08 04:41:22 UTC 2026","passed","Mon Jun 08 04:41:27 UTC 2026","","org.eclipse.tractusx.edc.tests.transfer.StsConsumerPullTest","org.eclipse.tractusx.edc.tests.transfer.StsConsumerPullTest","transferData_whenContractPolicyFulfilled"
"","46","Policy is not accepted because definition is not correct ""Policy with mutually exclusive constraints""","","Mon Jun 08 04:39:17 UTC 2026","passed","Mon Jun 08 04:39:17 UTC 2026","","org.eclipse.tractusx.edc.tests.policy.PolicyDefinitionEndToEndTest","org.eclipse.tractusx.edc.tests.policy.PolicyDefinitionEndToEndTest","shouldNotAcceptInvalidPolicyDefinitions"
"","3812","Run TCK Presentation Flow tests","","Mon Jun 08 04:38:57 UTC 2026","passed","Mon Jun 08 04:39:01 UTC 2026","","org.eclipse.tractusx.edc.tests.tck.dcp.DcpPresentationFlowTest","org.eclipse.tractusx.edc.tests.tck.dcp.DcpPresentationFlowTest","runPresentationFlowTests"
"","5780","Verify that the callbacks are invoked when negotiating an EDR","","Mon Jun 08 04:39:33 UTC 2026","passed","Mon Jun 08 04:39:39 UTC 2026","","org.eclipse.tractusx.edc.tests.edrv2.NegotiateEdrTest","org.eclipse.tractusx.edc.tests.edrv2.NegotiateEdrTest","negotiateEdr_shouldInvokeCallbacks"
"","226","Expect the Catalog request to fail if a credential is revoked","","Mon Jun 08 04:41:21 UTC 2026","passed","Mon Jun 08 04:41:22 UTC 2026","","org.eclipse.tractusx.edc.tests.transfer.StsConsumerPullTest","org.eclipse.tractusx.edc.tests.transfer.StsConsumerPullTest","catalogRequest_whenCredentialRevoked"
"","52","Policy is not accepted due to missing context ""Warranty""","","Mon Jun 08 04:39:18 UTC 2026","passed","Mon Jun 08 04:39:18 UTC 2026","","org.eclipse.tractusx.edc.tests.policy.PolicyDefinitionEndToEndTest","org.eclipse.tractusx.edc.tests.policy.PolicyDefinitionEndToEndTest","shouldNotAcceptInvalidNamespacePolicyDefinitions"
"","234","Multiple ContractDefinitions exist for one Asset","","Mon Jun 08 04:40:19 UTC 2026","passed","Mon Jun 08 04:40:19 UTC 2026","","org.eclipse.tractusx.edc.tests.catalog.CatalogTest","org.eclipse.tractusx.edc.tests.catalog.CatalogTest","requestCatalog_multipleOffersForAsset"
"","48","Policy is not accepted because definition is not correct ""Usage policy obligation with not allowed constraints""","","Mon Jun 08 04:39:17 UTC 2026","passed","Mon Jun 08 04:39:17 UTC 2026","","org.eclipse.tractusx.edc.tests.policy.PolicyDefinitionEndToEndTest","org.eclipse.tractusx.edc.tests.policy.PolicyDefinitionEndToEndTest","shouldNotAcceptInvalidPolicyDefinitions"
"","5127","transferData_success_withProxyOriginalResponse()","","Mon Jun 08 04:42:20 UTC 2026","passed","Mon Jun 08 04:42:25 UTC 2026","","org.eclipse.tractusx.edc.tests.transfer.TransferPullEndToEndTest.Dsp2025to2025","org.eclipse.tractusx.edc.tests.transfer.TransferPullEndToEndTest$Dsp2025to2025","transferData_success_withProxyOriginalResponse"
"","50","Policy is not accepted due to missing context ""Affiliates Region (IS_ANY_OF, one element)""","","Mon Jun 08 04:39:17 UTC 2026","passed","Mon Jun 08 04:39:17 UTC 2026","","org.eclipse.tractusx.edc.tests.policy.PolicyDefinitionEndToEndTest","org.eclipse.tractusx.edc.tests.policy.PolicyDefinitionEndToEndTest","shouldNotAcceptInvalidNamespacePolicyDefinitions"
"","8594","httpPushDataTransfer_withLegacyUsagePolicy()","","Mon Jun 08 04:43:46 UTC 2026","passed","Mon Jun 08 04:43:55 UTC 2026","","org.eclipse.tractusx.edc.tests.transfer.TransferPushEndToEndTest.Dsp2025to2025","org.eclipse.tractusx.edc.tests.transfer.TransferPushEndToEndTest$Dsp2025to2025","httpPushDataTransfer_withLegacyUsagePolicy"
"","78","Policy is accepted ""Affiliates BPNL""","","Mon Jun 08 04:39:14 UTC 2026","passed","Mon Jun 08 04:39:14 UTC 2026","","org.eclipse.tractusx.edc.tests.policy.PolicyDefinitionEndToEndTest","org.eclipse.tractusx.edc.tests.policy.PolicyDefinitionEndToEndTest","shouldAcceptValidPolicyDefinitions"
"","69","triggerDataTransfer_shouldFail_whenDataFlowIsNotInStartedState()","","Mon Jun 08 04:39:13 UTC 2026","passed","Mon Jun 08 04:39:13 UTC 2026","","org.eclipse.tractusx.edc.tests.transfer.DataFlowApiEndToEndTest","org.eclipse.tractusx.edc.tests.transfer.DataFlowApiEndToEndTest","triggerDataTransfer_shouldFail_whenDataFlowIsNotInStartedState"
"","2068","transferMultipleFile_success(Vault)","","Mon Jun 08 04:39:08 UTC 2026","passed","Mon Jun 08 04:39:10 UTC 2026","","org.eclipse.tractusx.edc.dataplane.transfer.test.AzureToAzureTest","org.eclipse.tractusx.edc.dataplane.transfer.test.AzureToAzureTest","transferMultipleFile_success"
"","78","refreshEdr_whenNotFound()","","Mon Jun 08 04:39:08 UTC 2026","passed","Mon Jun 08 04:39:08 UTC 2026","","org.eclipse.tractusx.edc.tests.edrv2.EdrCacheApiEndToEndTest","org.eclipse.tractusx.edc.tests.edrv2.EdrCacheApiEndToEndTest","refreshEdr_whenNotFound"
"","31794","shouldTerminateTransfer_whenDataProvisioningEndDatePolicyExpires()","","Mon Jun 08 04:39:38 UTC 2026","passed","Mon Jun 08 04:40:10 UTC 2026","","org.eclipse.tractusx.edc.tests.policy.PolicyMonitorEndToEndTest","org.eclipse.tractusx.edc.tests.policy.PolicyMonitorEndToEndTest","shouldTerminateTransfer_whenDataProvisioningEndDatePolicyExpires"
"","40","discoveryShouldReturnDspParams_DidAsIdentifier()","","Mon Jun 08 04:38:57 UTC 2026","passed","Mon Jun 08 04:38:57 UTC 2026","","org.eclipse.tractusx.edc.discovery.e2e.ConnectorDiscoveryTest","org.eclipse.tractusx.edc.discovery.e2e.ConnectorDiscoveryTest","discoveryShouldReturnDspParams_DidAsIdentifier"
"","296","Verify that the consumer receives only the offers he is permitted to (using the new BPN validation)","","Mon Jun 08 04:40:41 UTC 2026","passed","Mon Jun 08 04:40:42 UTC 2026","","org.eclipse.tractusx.edc.tests.catalog.CatalogTestDspV08","org.eclipse.tractusx.edc.tests.catalog.CatalogTestDspV08","requestCatalog_filteredByBpn_shouldReject"
"","91","5.4.3 Verifier should reject Presentations where the holder does not match the credentialSubject.id","","Mon Jun 08 04:39:00 UTC 2026","passed","Mon Jun 08 04:39:00 UTC 2026","","org.eclipse.dataspacetck.dcp.verification.presentation.verifier.PresentationFlowSection5Test","org.eclipse.dataspacetck.dcp.verification.presentation.verifier.PresentationFlowSection5Test","verifier_05_04_03_presentationResponse_holderNotEqualSubjectId"
"","58","Verify HTTP 403 response when refreshing the token is not allowed","","Mon Jun 08 04:39:08 UTC 2026","passed","Mon Jun 08 04:39:08 UTC 2026","","org.eclipse.tractusx.edc.tests.edrv2.EdrCacheApiEndToEndTest","org.eclipse.tractusx.edc.tests.edrv2.EdrCacheApiEndToEndTest","getEdrWithRefresh_unauthorized"
"","2989","Policy is accepted ""MembershipCredential""","","Mon Jun 08 04:39:11 UTC 2026","passed","Mon Jun 08 04:39:13 UTC 2026","","org.eclipse.tractusx.edc.tests.policy.PolicyDefinitionEndToEndTest","org.eclipse.tractusx.edc.tests.policy.PolicyDefinitionEndToEndTest","shouldAcceptValidPolicyDefinitions"
"","8183","azureBlobPush_containerNotExist()","","Mon Jun 08 04:39:40 UTC 2026","passed","Mon Jun 08 04:39:48 UTC 2026","","org.eclipse.tractusx.edc.tests.transfer.AzureToAzureEndToEndTest","org.eclipse.tractusx.edc.tests.transfer.AzureToAzureEndToEndTest","azureBlobPush_containerNotExist"
"","1421","4.3.3 Verify invalid access token - nbf in future","","Mon Jun 08 04:38:57 UTC 2026","passed","Mon Jun 08 04:38:59 UTC 2026","","org.eclipse.dataspacetck.dcp.verification.presentation.verifier.PresentationFlowSection4Test","org.eclipse.dataspacetck.dcp.verification.presentation.verifier.PresentationFlowSection4Test","verifier_04_03_03_idTokenNbfInFuture"
"","4","verifyAgentId_whenNoMembershipCredential_forDsp08(DataspaceProfileContextRegistry)","","Mon Jun 08 04:41:00 UTC 2026","passed","Mon Jun 08 04:41:00 UTC 2026","","org.eclipse.tractusx.edc.tests.transfer.IdentityExtractionTest","org.eclipse.tractusx.edc.tests.transfer.IdentityExtractionTest","verifyAgentId_whenNoMembershipCredential_forDsp08"
"","53","Policy is not accepted due to missing context ""Version Changes""","","Mon Jun 08 04:39:18 UTC 2026","passed","Mon Jun 08 04:39:18 UTC 2026","","org.eclipse.tractusx.edc.tests.policy.PolicyDefinitionEndToEndTest","org.eclipse.tractusx.edc.tests.policy.PolicyDefinitionEndToEndTest","shouldNotAcceptInvalidNamespacePolicyDefinitions"
"","293","4.3.3 Verify invalid access token - jti","","Mon Jun 08 04:38:59 UTC 2026","passed","Mon Jun 08 04:39:00 UTC 2026","","org.eclipse.dataspacetck.dcp.verification.presentation.verifier.PresentationFlowSection4Test","org.eclipse.dataspacetck.dcp.verification.presentation.verifier.PresentationFlowSection4Test","verifier_04_03_03_idTokenJtiUsedTwice"
"","53","refreshEdr_whenNotAuthorized()","","Mon Jun 08 04:39:13 UTC 2026","passed","Mon Jun 08 04:39:14 UTC 2026","","org.eclipse.tractusx.edc.tests.edrv2.EdrCacheApiEndToEndTest","org.eclipse.tractusx.edc.tests.edrv2.EdrCacheApiEndToEndTest","refreshEdr_whenNotAuthorized"
"","99","Policy is not accepted because definition is not correct ""Access policy permission with not allowed constraints""","","Mon Jun 08 04:39:16 UTC 2026","passed","Mon Jun 08 04:39:17 UTC 2026","","org.eclipse.tractusx.edc.tests.policy.PolicyDefinitionEndToEndTest","org.eclipse.tractusx.edc.tests.policy.PolicyDefinitionEndToEndTest","shouldNotAcceptInvalidPolicyDefinitions"
"","4024","transferData_privateBackend_withConsumerDataPlane()","","Mon Jun 08 04:41:35 UTC 2026","passed","Mon Jun 08 04:41:39 UTC 2026","","org.eclipse.tractusx.edc.tests.transfer.StsConsumerPullTest","org.eclipse.tractusx.edc.tests.transfer.StsConsumerPullTest","transferData_privateBackend_withConsumerDataPlane"
"","291","Verify that the consumer receives only the offers he is permitted to (using the legacy BPN validation)","","Mon Jun 08 04:40:42 UTC 2026","passed","Mon Jun 08 04:40:42 UTC 2026","","org.eclipse.tractusx.edc.tests.catalog.CatalogTestDspV08","org.eclipse.tractusx.edc.tests.catalog.CatalogTestDspV08","requestCatalog_filteredByBpnLegacy_shouldReject"
"","83","Policy is accepted ""Business Partner Group""","","Mon Jun 08 04:39:16 UTC 2026","passed","Mon Jun 08 04:39:16 UTC 2026","","org.eclipse.tractusx.edc.tests.policy.PolicyDefinitionEndToEndTest","org.eclipse.tractusx.edc.tests.policy.PolicyDefinitionEndToEndTest","shouldAcceptValidPolicyDefinitions"
"","67","Policy is accepted ""Enforce data usage end date 1 day in the future""","","Mon Jun 08 04:39:16 UTC 2026","passed","Mon Jun 08 04:39:16 UTC 2026","","org.eclipse.tractusx.edc.tests.policy.PolicyDefinitionEndToEndTest","org.eclipse.tractusx.edc.tests.policy.PolicyDefinitionEndToEndTest","shouldAcceptValidPolicyDefinitions"
"","100","Policy is accepted ""DataExchangeGovernance use case""","","Mon Jun 08 04:39:14 UTC 2026","passed","Mon Jun 08 04:39:14 UTC 2026","","org.eclipse.tractusx.edc.tests.policy.PolicyDefinitionEndToEndTest","org.eclipse.tractusx.edc.tests.policy.PolicyDefinitionEndToEndTest","shouldAcceptValidPolicyDefinitions"
"","2103","transferFile_success()","","Mon Jun 08 04:39:43 UTC 2026","passed","Mon Jun 08 04:39:45 UTC 2026","","org.eclipse.tractusx.edc.dataplane.transfer.test.S3ToS3Test","org.eclipse.tractusx.edc.dataplane.transfer.test.S3ToS3Test","transferFile_success"
"","305","Provider gets 400 when empty asset selector is used","","Mon Jun 08 04:39:55 UTC 2026","passed","Mon Jun 08 04:39:56 UTC 2026","","org.eclipse.tractusx.edc.tests.validators.EmptyAssetSelectorValidatorTest","org.eclipse.tractusx.edc.tests.validators.EmptyAssetSelectorValidatorTest","shouldFail_whenContractDefinitionHasEmptyAssetSelector"
"","50","Policy is not accepted due to missing context ""Affiliates Region""","","Mon Jun 08 04:39:17 UTC 2026","passed","Mon Jun 08 04:39:17 UTC 2026","","org.eclipse.tractusx.edc.tests.policy.PolicyDefinitionEndToEndTest","org.eclipse.tractusx.edc.tests.policy.PolicyDefinitionEndToEndTest","shouldNotAcceptInvalidNamespacePolicyDefinitions"
"","5495","When multiple requests to refresh, to different edrs, verify all return non expired token","","Mon Jun 08 04:39:08 UTC 2026","passed","Mon Jun 08 04:39:13 UTC 2026","","org.eclipse.tractusx.edc.tests.edrv2.EdrCacheApiEndToEndTest","org.eclipse.tractusx.edc.tests.edrv2.EdrCacheApiEndToEndTest","getEdrWithRefresh_subsequentRequestReturn"
"","9104","transferData_withExpiredEdr_shouldReturn4xx()","","Mon Jun 08 04:44:43 UTC 2026","passed","Mon Jun 08 04:44:52 UTC 2026","","org.eclipse.tractusx.edc.tests.transfer.TransferWithTokenRefreshTest","org.eclipse.tractusx.edc.tests.transfer.TransferWithTokenRefreshTest","transferData_withExpiredEdr_shouldReturn4xx"
"","12881","httpPushNonFiniteDataTransfer()","","Mon Jun 08 04:44:01 UTC 2026","passed","Mon Jun 08 04:44:14 UTC 2026","","org.eclipse.tractusx.edc.tests.transfer.TransferPushEndToEndTest.Dsp2025to2025","org.eclipse.tractusx.edc.tests.transfer.TransferPushEndToEndTest$Dsp2025to2025","httpPushNonFiniteDataTransfer"
"","4","verifyCorrectParticipantAgentId_forDsp08(DataspaceProfileContextRegistry)","","Mon Jun 08 04:41:00 UTC 2026","passed","Mon Jun 08 04:41:00 UTC 2026","","org.eclipse.tractusx.edc.tests.transfer.IdentityExtractionTest","org.eclipse.tractusx.edc.tests.transfer.IdentityExtractionTest","verifyCorrectParticipantAgentId_forDsp08"
"","48","Policy is not accepted due to missing context ""MembershipCredential""","","Mon Jun 08 04:39:17 UTC 2026","passed","Mon Jun 08 04:39:17 UTC 2026","","org.eclipse.tractusx.edc.tests.policy.PolicyDefinitionEndToEndTest","org.eclipse.tractusx.edc.tests.policy.PolicyDefinitionEndToEndTest","shouldNotAcceptInvalidNamespacePolicyDefinitions"
"","16537","transferFile_largeFile(long, Vault) File size bytes: 536870912","","Mon Jun 08 04:38:24 UTC 2026","passed","Mon Jun 08 04:38:40 UTC 2026","","org.eclipse.tractusx.edc.dataplane.transfer.test.AzureToAzureTest","org.eclipse.tractusx.edc.dataplane.transfer.test.AzureToAzureTest","transferFile_largeFile"
"","16338","transferData_withTerminate()","","Mon Jun 08 04:41:59 UTC 2026","passed","Mon Jun 08 04:42:15 UTC 2026","","org.eclipse.tractusx.edc.tests.transfer.TransferPullEndToEndTest.Dsp2025to2025","org.eclipse.tractusx.edc.tests.transfer.TransferPullEndToEndTest$Dsp2025to2025","transferData_withTerminate"
"","50","4.3.3 Verify invalid access token - incorrect aud","","Mon Jun 08 04:39:00 UTC 2026","passed","Mon Jun 08 04:39:00 UTC 2026","","org.eclipse.dataspacetck.dcp.verification.presentation.verifier.PresentationFlowSection4Test","org.eclipse.dataspacetck.dcp.verification.presentation.verifier.PresentationFlowSection4Test","verifier_04_03_03_idTokenIncorrectAud"
"","4595","transferData_successful_notReturnOriginalSourceResponseCode_withTerminate()","","Mon Jun 08 04:41:06 UTC 2026","passed","Mon Jun 08 04:41:10 UTC 2026","","org.eclipse.tractusx.edc.tests.transfer.TransferPullEndToEndTest.Dsp08to08","org.eclipse.tractusx.edc.tests.transfer.TransferPullEndToEndTest$Dsp08to08","transferData_successful_notReturnOriginalSourceResponseCode_withTerminate"
"","48","Policy is not accepted due to missing context ""Data Usage End Date""","","Mon Jun 08 04:39:17 UTC 2026","passed","Mon Jun 08 04:39:17 UTC 2026","","org.eclipse.tractusx.edc.tests.policy.PolicyDefinitionEndToEndTest","org.eclipse.tractusx.edc.tests.policy.PolicyDefinitionEndToEndTest","shouldNotAcceptInvalidNamespacePolicyDefinitions"
"","251","Verify that the consumer receives only the offers he is permitted to (using BPN group validation)","","Mon Jun 08 04:40:18 UTC 2026","passed","Mon Jun 08 04:40:19 UTC 2026","","org.eclipse.tractusx.edc.tests.catalog.CatalogTest","org.eclipse.tractusx.edc.tests.catalog.CatalogTest","requestCatalog_filteredByBpnGroup_shouldReturnOffer"
"","47","5.4.2.4 Verifier should reject an a presentation where a requested credential is missing","","Mon Jun 08 04:39:00 UTC 2026","passed","Mon Jun 08 04:39:00 UTC 2026","","org.eclipse.dataspacetck.dcp.verification.presentation.verifier.PresentationFlowSection5Test","org.eclipse.dataspacetck.dcp.verification.presentation.verifier.PresentationFlowSection5Test","verifier_05_04_02_04_presentationResponse_emptyCredentials"
"","3639","Verify that the consumer receives only the offers he is permitted to (using the legacy CX policy)","","Mon Jun 08 04:39:18 UTC 2026","passed","Mon Jun 08 04:39:21 UTC 2026","","org.eclipse.tractusx.edc.tests.catalog.CatalogTest","org.eclipse.tractusx.edc.tests.catalog.CatalogTest","requestCatalog_filteredByBpn_UsingLegacyCxPolicy_shouldReject"
"","67","Policy is accepted ""Empty Policy""","","Mon Jun 08 04:39:16 UTC 2026","passed","Mon Jun 08 04:39:16 UTC 2026","","org.eclipse.tractusx.edc.tests.policy.PolicyDefinitionEndToEndTest","org.eclipse.tractusx.edc.tests.policy.PolicyDefinitionEndToEndTest","shouldAcceptValidPolicyDefinitions"
"","15679","discoveryShouldReturn502_whenProviderEndpointNotReachable()","","Mon Jun 08 04:39:31 UTC 2026","passed","Mon Jun 08 04:39:47 UTC 2026","","org.eclipse.tractusx.edc.discovery.e2e.ConnectorParameterDiscoveryTest","org.eclipse.tractusx.edc.discovery.e2e.ConnectorParameterDiscoveryTest","discoveryShouldReturn502_whenProviderEndpointNotReachable"
"","5557","transferData_successful_notReturnOriginalSourceResponseCode_withTerminate()","","Mon Jun 08 04:42:34 UTC 2026","passed","Mon Jun 08 04:42:39 UTC 2026","","org.eclipse.tractusx.edc.tests.transfer.TransferPullEndToEndTest.Dsp2025to2025","org.eclipse.tractusx.edc.tests.transfer.TransferPullEndToEndTest$Dsp2025to2025","transferData_successful_notReturnOriginalSourceResponseCode_withTerminate"
"","148","BusinessPartnerUpdated event is published","","Mon Jun 08 04:39:01 UTC 2026","passed","Mon Jun 08 04:39:01 UTC 2026","","org.eclipse.tractusx.edc.tests.bpn.events.BusinessPartnerEventTest","org.eclipse.tractusx.edc.tests.bpn.events.BusinessPartnerEventTest","shouldPublishBusinessPartnerUpdatedEvent"
"","85","Policy is accepted ""Confidential Information Sharing""","","Mon Jun 08 04:39:15 UTC 2026","passed","Mon Jun 08 04:39:16 UTC 2026","","org.eclipse.tractusx.edc.tests.policy.PolicyDefinitionEndToEndTest","org.eclipse.tractusx.edc.tests.policy.PolicyDefinitionEndToEndTest","shouldAcceptValidPolicyDefinitions"
"","9098","Verify all existing TPs related to an agreement are terminated upon its retirement","","Mon Jun 08 04:39:34 UTC 2026","passed","Mon Jun 08 04:39:44 UTC 2026","","org.eclipse.tractusx.edc.tests.transfer.RetireAgreementTest","org.eclipse.tractusx.edc.tests.transfer.RetireAgreementTest","retireAgreement_shouldCloseTransferProcesses"
"","12160","httpPushNonFiniteDataTransfer()","","Mon Jun 08 04:43:15 UTC 2026","passed","Mon Jun 08 04:43:27 UTC 2026","","org.eclipse.tractusx.edc.tests.transfer.TransferPushEndToEndTest.Dsp08to08","org.eclipse.tractusx.edc.tests.transfer.TransferPushEndToEndTest$Dsp08to08","httpPushNonFiniteDataTransfer"
"","1996","discoveryShouldReturn400_ifRequestHasMissingProps()","","Mon Jun 08 04:38:54 UTC 2026","passed","Mon Jun 08 04:38:56 UTC 2026","","org.eclipse.tractusx.edc.discovery.e2e.ConnectorDiscoveryTest","org.eclipse.tractusx.edc.discovery.e2e.ConnectorDiscoveryTest","discoveryShouldReturn400_ifRequestHasMissingProps"
"","61","Expect the Catalog request to fail if a credential has an invalid credential subject id","","Mon Jun 08 04:41:22 UTC 2026","passed","Mon Jun 08 04:41:22 UTC 2026","","org.eclipse.tractusx.edc.tests.transfer.StsConsumerPullTest","org.eclipse.tractusx.edc.tests.transfer.StsConsumerPullTest","catalogRequest_whenCredentialSubjectIdIsInvalid"
"","42","Provider gets 400 when no asset selector is used","","Mon Jun 08 04:39:56 UTC 2026","passed","Mon Jun 08 04:39:56 UTC 2026","","org.eclipse.tractusx.edc.tests.validators.EmptyAssetSelectorValidatorTest","org.eclipse.tractusx.edc.tests.validators.EmptyAssetSelectorValidatorTest","shouldFail_whenContractDefinitionHasNoAssetSelector"
"","17370","Malicious actor should not impersonate a consumer sending a valid consumer VP","","Mon Jun 08 04:39:18 UTC 2026","passed","Mon Jun 08 04:39:35 UTC 2026","","org.eclipse.tractusx.edc.tests.transfer.CredentialSpoofTest","org.eclipse.tractusx.edc.tests.transfer.CredentialSpoofTest","shouldNotImpersonateConsumer_withConsumerPresentation"
"","370","Consumer gets catalog from the provider. No constraints.","","Mon Jun 08 04:39:22 UTC 2026","passed","Mon Jun 08 04:39:22 UTC 2026","","org.eclipse.tractusx.edc.tests.catalog.CatalogTest","org.eclipse.tractusx.edc.tests.catalog.CatalogTest","requestCatalog_fulfillsPolicy_shouldReturnOffer"
"","2043","transferFile_success(Vault)","","Mon Jun 08 04:39:10 UTC 2026","passed","Mon Jun 08 04:39:12 UTC 2026","","org.eclipse.tractusx.edc.dataplane.transfer.test.AzureToAzureTest","org.eclipse.tractusx.edc.dataplane.transfer.test.AzureToAzureTest","transferFile_success"
"","87","Verify the refresh endpoint is not called when token not yet expired","","Mon Jun 08 04:39:08 UTC 2026","passed","Mon Jun 08 04:39:08 UTC 2026","","org.eclipse.tractusx.edc.tests.edrv2.EdrCacheApiEndToEndTest","org.eclipse.tractusx.edc.tests.edrv2.EdrCacheApiEndToEndTest","getEdrWithRefresh_notExpired_shouldNotCallEndpoint"
"","6189","httpPushDataTransfer()","","Mon Jun 08 04:43:08 UTC 2026","passed","Mon Jun 08 04:43:15 UTC 2026","","org.eclipse.tractusx.edc.tests.transfer.TransferPushEndToEndTest.Dsp08to08","org.eclipse.tractusx.edc.tests.transfer.TransferPushEndToEndTest$Dsp08to08","httpPushDataTransfer"
"","69","Policy is accepted ""Data Usage End Date""","","Mon Jun 08 04:39:14 UTC 2026","passed","Mon Jun 08 04:39:14 UTC 2026","","org.eclipse.tractusx.edc.tests.policy.PolicyDefinitionEndToEndTest","org.eclipse.tractusx.edc.tests.policy.PolicyDefinitionEndToEndTest","shouldAcceptValidPolicyDefinitions"
"","2073","transferFile_azureToS3(Vault)","","Mon Jun 08 04:39:33 UTC 2026","passed","Mon Jun 08 04:39:35 UTC 2026","","org.eclipse.tractusx.edc.dataplane.transfer.test.MultiCloudTest","org.eclipse.tractusx.edc.dataplane.transfer.test.MultiCloudTest","transferFile_azureToS3"
"","8214","transferFile_success()","","Mon Jun 08 04:40:26 UTC 2026","passed","Mon Jun 08 04:40:34 UTC 2026","","org.eclipse.tractusx.edc.tests.transfer.S3ToS3EndToEndTest","org.eclipse.tractusx.edc.tests.transfer.S3ToS3EndToEndTest","transferFile_success"
"","73","Policy is accepted ""Usage Purpose""","","Mon Jun 08 04:39:15 UTC 2026","passed","Mon Jun 08 04:39:15 UTC 2026","","org.eclipse.tractusx.edc.tests.policy.PolicyDefinitionEndToEndTest","org.eclipse.tractusx.edc.tests.policy.PolicyDefinitionEndToEndTest","shouldAcceptValidPolicyDefinitions"
"","2516","The Authorization header is empty","","Mon Jun 08 04:38:54 UTC 2026","passed","Mon Jun 08 04:38:57 UTC 2026","","org.eclipse.tractusx.edc.dataplane.tokenrefresh.e2e.DataPlaneTokenRefreshEndToEndTest","org.eclipse.tractusx.edc.dataplane.tokenrefresh.e2e.DataPlaneTokenRefreshEndToEndTest","refresh_emptyAuthHeader"
"","5982","transferData_success_withProxyOriginalResponse_withoutSourceResponseBody()","","Mon Jun 08 04:41:42 UTC 2026","passed","Mon Jun 08 04:41:48 UTC 2026","","org.eclipse.tractusx.edc.tests.transfer.TransferPullEndToEndTest.Dsp2025to2025","org.eclipse.tractusx.edc.tests.transfer.TransferPullEndToEndTest$Dsp2025to2025","transferData_success_withProxyOriginalResponse_withoutSourceResponseBody"
"","292","Verify that the consumer receives only the offers he is permitted to (using the new BPN validation)","","Mon Jun 08 04:40:19 UTC 2026","passed","Mon Jun 08 04:40:19 UTC 2026","","org.eclipse.tractusx.edc.tests.catalog.CatalogTest","org.eclipse.tractusx.edc.tests.catalog.CatalogTest","requestCatalog_filteredByBpn_shouldReject"
"","74","Policy is not accepted because definition is not correct ""Usage policy prohibition with not allowed constraints""","","Mon Jun 08 04:39:17 UTC 2026","passed","Mon Jun 08 04:39:17 UTC 2026","","org.eclipse.tractusx.edc.tests.policy.PolicyDefinitionEndToEndTest","org.eclipse.tractusx.edc.tests.policy.PolicyDefinitionEndToEndTest","shouldNotAcceptInvalidPolicyDefinitions"
"","5350","transferData_privateBackend()","","Mon Jun 08 04:41:31 UTC 2026","passed","Mon Jun 08 04:41:36 UTC 2026","","org.eclipse.tractusx.edc.tests.transfer.TransferPullEndToEndTest.Dsp2025to2025","org.eclipse.tractusx.edc.tests.transfer.TransferPullEndToEndTest$Dsp2025to2025","transferData_privateBackend"
"","77","5.1 Verifier should accept a valid PresentationResponseMessage","","Mon Jun 08 04:39:01 UTC 2026","passed","Mon Jun 08 04:39:01 UTC 2026","","org.eclipse.dataspacetck.dcp.verification.presentation.verifier.PresentationFlowSection5Test","org.eclipse.dataspacetck.dcp.verification.presentation.verifier.PresentationFlowSection5Test","verifier_05_01_presentationResponse_success"
"","2060","transferFile_s3ToAzureMultipleFiles_whenConsumerDefinesBloblName_success(Vault)","","Mon Jun 08 04:39:29 UTC 2026","passed","Mon Jun 08 04:39:31 UTC 2026","","org.eclipse.tractusx.edc.dataplane.transfer.test.MultiCloudTest","org.eclipse.tractusx.edc.dataplane.transfer.test.MultiCloudTest","transferFile_s3ToAzureMultipleFiles_whenConsumerDefinesBloblName_success"
"","2310","Verify the refresh endpoint is not called when auto_refresh=false","","Mon Jun 08 04:39:05 UTC 2026","passed","Mon Jun 08 04:39:07 UTC 2026","","org.eclipse.tractusx.edc.tests.edrv2.EdrCacheApiEndToEndTest","org.eclipse.tractusx.edc.tests.edrv2.EdrCacheApiEndToEndTest","getEdrWithRefresh_whenNotAutorefresh_shouldNotCallEndpoint"
"","36","Policy is not accepted due to missing context ""Business Partner Number""","","Mon Jun 08 04:39:18 UTC 2026","passed","Mon Jun 08 04:39:18 UTC 2026","","org.eclipse.tractusx.edc.tests.policy.PolicyDefinitionEndToEndTest","org.eclipse.tractusx.edc.tests.policy.PolicyDefinitionEndToEndTest","shouldNotAcceptInvalidNamespacePolicyDefinitions"
"","100","Policy is accepted ""Data Usage End Duration Days""","","Mon Jun 08 04:39:14 UTC 2026","passed","Mon Jun 08 04:39:14 UTC 2026","","org.eclipse.tractusx.edc.tests.policy.PolicyDefinitionEndToEndTest","org.eclipse.tractusx.edc.tests.policy.PolicyDefinitionEndToEndTest","shouldAcceptValidPolicyDefinitions"
"","117","discoveryShouldReturn400_whenNoProtocolsAvailable()","","Mon Jun 08 04:39:31 UTC 2026","passed","Mon Jun 08 04:39:31 UTC 2026","","org.eclipse.tractusx.edc.discovery.e2e.ConnectorParameterDiscoveryTest","org.eclipse.tractusx.edc.discovery.e2e.ConnectorParameterDiscoveryTest","discoveryShouldReturn400_whenNoProtocolsAvailable"
"","2","verifyCorrectParticipantAgentId_forDsp2025(DataspaceProfileContextRegistry)","","Mon Jun 08 04:41:00 UTC 2026","passed","Mon Jun 08 04:41:00 UTC 2026","","org.eclipse.tractusx.edc.tests.transfer.IdentityExtractionTest","org.eclipse.tractusx.edc.tests.transfer.IdentityExtractionTest","verifyCorrectParticipantAgentId_forDsp2025"
"","15780","Malicious actor should not impersonate a consumer by creating a VP with the consumer membership credential","","Mon Jun 08 04:39:35 UTC 2026","passed","Mon Jun 08 04:39:51 UTC 2026","","org.eclipse.tractusx.edc.tests.transfer.CredentialSpoofTest","org.eclipse.tractusx.edc.tests.transfer.CredentialSpoofTest","shouldNotImpersonateConsumer_withWrappedConsumerCredential"
"","43","discoveryShouldReturn502_ifMetadaEndpointNotReachable()","","Mon Jun 08 04:39:31 UTC 2026","passed","Mon Jun 08 04:39:31 UTC 2026","","org.eclipse.tractusx.edc.discovery.e2e.ConnectorParameterDiscoveryTest","org.eclipse.tractusx.edc.discovery.e2e.ConnectorParameterDiscoveryTest","discoveryShouldReturn502_ifMetadaEndpointNotReachable"
"","118","BusinessPartnerDeleted event is published","","Mon Jun 08 04:39:01 UTC 2026","passed","Mon Jun 08 04:39:01 UTC 2026","","org.eclipse.tractusx.edc.tests.bpn.events.BusinessPartnerEventTest","org.eclipse.tractusx.edc.tests.bpn.events.BusinessPartnerEventTest","shouldPublishBusinessPartnerDeletedEvent"
"","539","refreshEdr()","","Mon Jun 08 04:39:07 UTC 2026","passed","Mon Jun 08 04:39:08 UTC 2026","","org.eclipse.tractusx.edc.tests.edrv2.EdrCacheApiEndToEndTest","org.eclipse.tractusx.edc.tests.edrv2.EdrCacheApiEndToEndTest","refreshEdr"
"","43","Policy is not accepted due to missing context ""Warranty Definition""","","Mon Jun 08 04:39:18 UTC 2026","passed","Mon Jun 08 04:39:18 UTC 2026","","org.eclipse.tractusx.edc.tests.policy.PolicyDefinitionEndToEndTest","org.eclipse.tractusx.edc.tests.policy.PolicyDefinitionEndToEndTest","shouldNotAcceptInvalidNamespacePolicyDefinitions"
"","2424","Refresh token success","","Mon Jun 08 04:39:11 UTC 2026","passed","Mon Jun 08 04:39:14 UTC 2026","","org.eclipse.tractusx.edc.dataplane.tokenrefresh.e2e.DataPlaneTokenRefreshEndToEndTest","org.eclipse.tractusx.edc.dataplane.tokenrefresh.e2e.DataPlaneTokenRefreshEndToEndTest","refresh_success"
"","6468","transferData_privateBackend()","","Mon Jun 08 04:40:04 UTC 2026","passed","Mon Jun 08 04:40:11 UTC 2026","","org.eclipse.tractusx.edc.tests.transfer.TransferPullEndToEndTest.Dsp08to08","org.eclipse.tractusx.edc.tests.transfer.TransferPullEndToEndTest$Dsp08to08","transferData_privateBackend"
"","701","Verify that the consumer receives only the offers he is permitted to (using the legacy BPN validation)","","Mon Jun 08 04:39:21 UTC 2026","passed","Mon Jun 08 04:39:22 UTC 2026","","org.eclipse.tractusx.edc.tests.catalog.CatalogTest","org.eclipse.tractusx.edc.tests.catalog.CatalogTest","requestCatalog_filteredByBpnLegacy_WithNamespace_shouldReject"
"","5139","transferData_unsuccessful_notReturnOriginalSourceResponseCode_withTerminate()","","Mon Jun 08 04:41:48 UTC 2026","passed","Mon Jun 08 04:41:54 UTC 2026","","org.eclipse.tractusx.edc.tests.transfer.TransferPullEndToEndTest.Dsp2025to2025","org.eclipse.tractusx.edc.tests.transfer.TransferPullEndToEndTest$Dsp2025to2025","transferData_unsuccessful_notReturnOriginalSourceResponseCode_withTerminate"
"","8640","transferData_privateBackend_withConsumerDataPlane()","","Mon Jun 08 04:40:11 UTC 2026","passed","Mon Jun 08 04:40:19 UTC 2026","","org.eclipse.tractusx.edc.tests.transfer.TransferPullEndToEndTest.Dsp08to08","org.eclipse.tractusx.edc.tests.transfer.TransferPullEndToEndTest$Dsp08to08","transferData_privateBackend_withConsumerDataPlane"
"","71","4.3.3 Verify invalid access token - auth token bound to a different iss/sub","","Mon Jun 08 04:38:59 UTC 2026","passed","Mon Jun 08 04:38:59 UTC 2026","","org.eclipse.dataspacetck.dcp.verification.presentation.verifier.PresentationFlowSection4Test","org.eclipse.dataspacetck.dcp.verification.presentation.verifier.PresentationFlowSection4Test","verifier_04_03_03_idTokenInvalidIssuerSub"
"","2473","The authentication token has a invalid id","","Mon Jun 08 04:39:02 UTC 2026","passed","Mon Jun 08 04:39:04 UTC 2026","","org.eclipse.tractusx.edc.dataplane.tokenrefresh.e2e.DataPlaneTokenRefreshEndToEndTest","org.eclipse.tractusx.edc.dataplane.tokenrefresh.e2e.DataPlaneTokenRefreshEndToEndTest","refresh_invalidTokenId"
"","118","Policy is accepted ""Jurisdiction Location Reference""","","Mon Jun 08 04:39:14 UTC 2026","passed","Mon Jun 08 04:39:15 UTC 2026","","org.eclipse.tractusx.edc.tests.policy.PolicyDefinitionEndToEndTest","org.eclipse.tractusx.edc.tests.policy.PolicyDefinitionEndToEndTest","shouldAcceptValidPolicyDefinitions"
"","2490","Refresh token is null or empty (missing) [1] null","","Mon Jun 08 04:38:57 UTC 2026","passed","Mon Jun 08 04:38:59 UTC 2026","","org.eclipse.tractusx.edc.dataplane.tokenrefresh.e2e.DataPlaneTokenRefreshEndToEndTest","org.eclipse.tractusx.edc.dataplane.tokenrefresh.e2e.DataPlaneTokenRefreshEndToEndTest","refresh_invalidRefreshToken"
"","292","discoveryShouldReturn2025DspParams_BpnAsIdentifier()","","Mon Jun 08 04:39:30 UTC 2026","passed","Mon Jun 08 04:39:31 UTC 2026","","org.eclipse.tractusx.edc.discovery.e2e.ConnectorParameterDiscoveryTest","org.eclipse.tractusx.edc.discovery.e2e.ConnectorParameterDiscoveryTest","discoveryShouldReturn2025DspParams_BpnAsIdentifier"
"","27831","transferFile_largeFile(long, Vault) File size bytes: 1073741824","","Mon Jun 08 04:38:41 UTC 2026","passed","Mon Jun 08 04:39:08 UTC 2026","","org.eclipse.tractusx.edc.dataplane.transfer.test.AzureToAzureTest","org.eclipse.tractusx.edc.dataplane.transfer.test.AzureToAzureTest","transferFile_largeFile"
"","41","Policy is not accepted due to missing context ""Exclusive Usage""","","Mon Jun 08 04:39:18 UTC 2026","passed","Mon Jun 08 04:39:18 UTC 2026","","org.eclipse.tractusx.edc.tests.policy.PolicyDefinitionEndToEndTest","org.eclipse.tractusx.edc.tests.policy.PolicyDefinitionEndToEndTest","shouldNotAcceptInvalidNamespacePolicyDefinitions"
"","64","Policy is accepted ""Precedence""","","Mon Jun 08 04:39:15 UTC 2026","passed","Mon Jun 08 04:39:15 UTC 2026","","org.eclipse.tractusx.edc.tests.policy.PolicyDefinitionEndToEndTest","org.eclipse.tractusx.edc.tests.policy.PolicyDefinitionEndToEndTest","shouldAcceptValidPolicyDefinitions"
"","237","Expect the Catalog request to fail if a credential has an invalid credential subject id","","Mon Jun 08 04:40:21 UTC 2026","passed","Mon Jun 08 04:40:21 UTC 2026","","org.eclipse.tractusx.edc.tests.transfer.DivConsumerPullTest","org.eclipse.tractusx.edc.tests.transfer.DivConsumerPullTest","catalogRequest_whenCredentialSubjectIdIsInvalid"
"","5089","transferData_success_withProxyOriginalResponse()","","Mon Jun 08 04:40:53 UTC 2026","passed","Mon Jun 08 04:40:58 UTC 2026","","org.eclipse.tractusx.edc.tests.transfer.TransferPullEndToEndTest.Dsp08to08","org.eclipse.tractusx.edc.tests.transfer.TransferPullEndToEndTest$Dsp08to08","transferData_success_withProxyOriginalResponse"
"","219","Expect the Catalog request to fail if a requested credential is missing","","Mon Jun 08 04:40:21 UTC 2026","passed","Mon Jun 08 04:40:21 UTC 2026","","org.eclipse.tractusx.edc.tests.transfer.DivConsumerPullTest","org.eclipse.tractusx.edc.tests.transfer.DivConsumerPullTest","catalogRequest_whenRequestedCredentialMissing"
"","88","Policy is accepted ""Jurisdiction Location""","","Mon Jun 08 04:39:14 UTC 2026","passed","Mon Jun 08 04:39:14 UTC 2026","","org.eclipse.tractusx.edc.tests.policy.PolicyDefinitionEndToEndTest","org.eclipse.tractusx.edc.tests.policy.PolicyDefinitionEndToEndTest","shouldAcceptValidPolicyDefinitions"
"","54","4.3.3 Verify invalid access token - sub does not match DID document id","","Mon Jun 08 04:39:00 UTC 2026","passed","Mon Jun 08 04:39:00 UTC 2026","","org.eclipse.dataspacetck.dcp.verification.presentation.verifier.PresentationFlowSection4Test","org.eclipse.dataspacetck.dcp.verification.presentation.verifier.PresentationFlowSection4Test","verifier_04_03_03_idTokenIncorrectSub"
"","51","Policy is not accepted due to missing context ""Usage Purpose""","","Mon Jun 08 04:39:18 UTC 2026","passed","Mon Jun 08 04:39:18 UTC 2026","","org.eclipse.tractusx.edc.tests.policy.PolicyDefinitionEndToEndTest","org.eclipse.tractusx.edc.tests.policy.PolicyDefinitionEndToEndTest","shouldNotAcceptInvalidNamespacePolicyDefinitions"
"","3840","transferData_failing_withProxyOriginalResponse_withoutSourceResponseBody()","","Mon Jun 08 04:40:49 UTC 2026","passed","Mon Jun 08 04:40:53 UTC 2026","","org.eclipse.tractusx.edc.tests.transfer.TransferPullEndToEndTest.Dsp08to08","org.eclipse.tractusx.edc.tests.transfer.TransferPullEndToEndTest$Dsp08to08","transferData_failing_withProxyOriginalResponse_withoutSourceResponseBody"
"","82","5.4.2.2 Verifier should accept a presentation response message that contains more credentials than requested","","Mon Jun 08 04:39:00 UTC 2026","passed","Mon Jun 08 04:39:00 UTC 2026","","org.eclipse.dataspacetck.dcp.verification.presentation.verifier.PresentationFlowSection5Test","org.eclipse.dataspacetck.dcp.verification.presentation.verifier.PresentationFlowSection5Test","verifier_05_04_02_02_presentationResponse_tooManyCredentials"
"","27","discoveryShouldReturn2025DspParams_DidAsIdentifier()","","Mon Jun 08 04:39:31 UTC 2026","passed","Mon Jun 08 04:39:31 UTC 2026","","org.eclipse.tractusx.edc.discovery.e2e.ConnectorParameterDiscoveryTest","org.eclipse.tractusx.edc.discovery.e2e.ConnectorParameterDiscoveryTest","discoveryShouldReturn2025DspParams_DidAsIdentifier"
"","54","4.3.3 Verify invalid access token - expired","","Mon Jun 08 04:38:59 UTC 2026","passed","Mon Jun 08 04:38:59 UTC 2026","","org.eclipse.dataspacetck.dcp.verification.presentation.verifier.PresentationFlowSection4Test","org.eclipse.dataspacetck.dcp.verification.presentation.verifier.PresentationFlowSection4Test","verifier_04_03_03_idTokenExpired"
"","2077","transferFile_s3ToAzureMultipleFiles(Vault)","","Mon Jun 08 04:39:35 UTC 2026","passed","Mon Jun 08 04:39:37 UTC 2026","","org.eclipse.tractusx.edc.dataplane.transfer.test.MultiCloudTest","org.eclipse.tractusx.edc.dataplane.transfer.test.MultiCloudTest","transferFile_s3ToAzureMultipleFiles"
"","40","Policy is not accepted due to missing context ""ContractTermination""","","Mon Jun 08 04:39:18 UTC 2026","passed","Mon Jun 08 04:39:18 UTC 2026","","org.eclipse.tractusx.edc.tests.policy.PolicyDefinitionEndToEndTest","org.eclipse.tractusx.edc.tests.policy.PolicyDefinitionEndToEndTest","shouldNotAcceptInvalidNamespacePolicyDefinitions"
"","45","Policy is not accepted due to missing context ""Business Partner Group""","","Mon Jun 08 04:39:18 UTC 2026","passed","Mon Jun 08 04:39:18 UTC 2026","","org.eclipse.tractusx.edc.tests.policy.PolicyDefinitionEndToEndTest","org.eclipse.tractusx.edc.tests.policy.PolicyDefinitionEndToEndTest","shouldNotAcceptInvalidNamespacePolicyDefinitions"
"","43","Policy is not accepted due to missing context ""Jurisdiction Location Reference""","","Mon Jun 08 04:39:17 UTC 2026","passed","Mon Jun 08 04:39:17 UTC 2026","","org.eclipse.tractusx.edc.tests.policy.PolicyDefinitionEndToEndTest","org.eclipse.tractusx.edc.tests.policy.PolicyDefinitionEndToEndTest","shouldNotAcceptInvalidNamespacePolicyDefinitions"
"","79","Policy is accepted ""Affiliates Region (IS_ANY_OF, one element)""","","Mon Jun 08 04:39:14 UTC 2026","passed","Mon Jun 08 04:39:14 UTC 2026","","org.eclipse.tractusx.edc.tests.policy.PolicyDefinitionEndToEndTest","org.eclipse.tractusx.edc.tests.policy.PolicyDefinitionEndToEndTest","shouldAcceptValidPolicyDefinitions"
"","55834","Catalog with 1000 offers","","Mon Jun 08 04:39:22 UTC 2026","passed","Mon Jun 08 04:40:18 UTC 2026","","org.eclipse.tractusx.edc.tests.catalog.CatalogTest","org.eclipse.tractusx.edc.tests.catalog.CatalogTest","requestCatalog_of1000Assets_shouldContainAll"
"","46","Verifier should resolve the DID from the prover's ID token","","Mon Jun 08 04:39:00 UTC 2026","passed","Mon Jun 08 04:39:00 UTC 2026","","org.eclipse.dataspacetck.dcp.verification.presentation.verifier.PresentationFlowSection5Test","org.eclipse.dataspacetck.dcp.verification.presentation.verifier.PresentationFlowSection5Test","presentationResponse_endpointDiscovery"
"","313","Verify that the consumer receives only the offers he is permitted to (using the legacy BPN validation)","","Mon Jun 08 04:40:41 UTC 2026","passed","Mon Jun 08 04:40:41 UTC 2026","","org.eclipse.tractusx.edc.tests.catalog.CatalogTestDspV08","org.eclipse.tractusx.edc.tests.catalog.CatalogTestDspV08","requestCatalog_filteredByBpnLegacy_WithNamespace_shouldReject"
"","7155","transferData_privateBackend_withConsumerDataPlane()","","Mon Jun 08 04:40:42 UTC 2026","passed","Mon Jun 08 04:40:49 UTC 2026","","org.eclipse.tractusx.edc.tests.transfer.DivConsumerPullTest","org.eclipse.tractusx.edc.tests.transfer.DivConsumerPullTest","transferData_privateBackend_withConsumerDataPlane"
"","93","Policy is accepted ""Liability""","","Mon Jun 08 04:39:15 UTC 2026","passed","Mon Jun 08 04:39:15 UTC 2026","","org.eclipse.tractusx.edc.tests.policy.PolicyDefinitionEndToEndTest","org.eclipse.tractusx.edc.tests.policy.PolicyDefinitionEndToEndTest","shouldAcceptValidPolicyDefinitions"
"","2046","transferMultipleFiles()","","Mon Jun 08 04:40:02 UTC 2026","passed","Mon Jun 08 04:40:05 UTC 2026","","org.eclipse.tractusx.edc.dataplane.transfer.test.S3ToS3Test","org.eclipse.tractusx.edc.dataplane.transfer.test.S3ToS3Test","transferMultipleFiles"
"","8683","transferFile_withBucketCreation_success()","","Mon Jun 08 04:40:17 UTC 2026","passed","Mon Jun 08 04:40:26 UTC 2026","","org.eclipse.tractusx.edc.tests.transfer.S3ToS3EndToEndTest","org.eclipse.tractusx.edc.tests.transfer.S3ToS3EndToEndTest","transferFile_withBucketCreation_success"
"","61","Policy is accepted ""Exclusive Usage""","","Mon Jun 08 04:39:15 UTC 2026","passed","Mon Jun 08 04:39:15 UTC 2026","","org.eclipse.tractusx.edc.tests.policy.PolicyDefinitionEndToEndTest","org.eclipse.tractusx.edc.tests.policy.PolicyDefinitionEndToEndTest","shouldAcceptValidPolicyDefinitions"
"","105","triggerDataTransfer_shouldFail_whenDataFlowIsFinite()","","Mon Jun 08 04:39:13 UTC 2026","passed","Mon Jun 08 04:39:13 UTC 2026","","org.eclipse.tractusx.edc.tests.transfer.DataFlowApiEndToEndTest","org.eclipse.tractusx.edc.tests.transfer.DataFlowApiEndToEndTest","triggerDataTransfer_shouldFail_whenDataFlowIsFinite"
"","22","discoveryShouldReturn08DspParams_whenDsp2025NotAvailable_DidAsIdentifier()","","Mon Jun 08 04:39:31 UTC 2026","passed","Mon Jun 08 04:39:31 UTC 2026","","org.eclipse.tractusx.edc.discovery.e2e.ConnectorParameterDiscoveryTest","org.eclipse.tractusx.edc.discovery.e2e.ConnectorParameterDiscoveryTest","discoveryShouldReturn08DspParams_whenDsp2025NotAvailable_DidAsIdentifier"
"","69","Policy is accepted ""Warranty Duration Months""","","Mon Jun 08 04:39:15 UTC 2026","passed","Mon Jun 08 04:39:15 UTC 2026","","org.eclipse.tractusx.edc.tests.policy.PolicyDefinitionEndToEndTest","org.eclipse.tractusx.edc.tests.policy.PolicyDefinitionEndToEndTest","shouldAcceptValidPolicyDefinitions"
"","169","Policy is not accepted because definition is not correct ""Usage policy with empty permission""","","Mon Jun 08 04:39:16 UTC 2026","passed","Mon Jun 08 04:39:16 UTC 2026","","org.eclipse.tractusx.edc.tests.policy.PolicyDefinitionEndToEndTest","org.eclipse.tractusx.edc.tests.policy.PolicyDefinitionEndToEndTest","shouldNotAcceptInvalidPolicyDefinitions"
"","381","Expect the Catalog request to fail if a credential is expired","","Mon Jun 08 04:41:21 UTC 2026","passed","Mon Jun 08 04:41:21 UTC 2026","","org.eclipse.tractusx.edc.tests.transfer.StsConsumerPullTest","org.eclipse.tractusx.edc.tests.transfer.StsConsumerPullTest","catalogRequest_whenCredentialExpired"
"","6524","The authentication token misses required claims: token","","Mon Jun 08 04:38:45 UTC 2026","passed","Mon Jun 08 04:38:51 UTC 2026","","org.eclipse.tractusx.edc.dataplane.tokenrefresh.e2e.DataPlaneTokenRefreshEndToEndTest","org.eclipse.tractusx.edc.dataplane.tokenrefresh.e2e.DataPlaneTokenRefreshEndToEndTest","refresh_invalidAuthenticationToken_missingAccessToken"
"","73","Policy is accepted ""Business Partner Number""","","Mon Jun 08 04:39:16 UTC 2026","passed","Mon Jun 08 04:39:16 UTC 2026","","org.eclipse.tractusx.edc.tests.policy.PolicyDefinitionEndToEndTest","org.eclipse.tractusx.edc.tests.policy.PolicyDefinitionEndToEndTest","shouldAcceptValidPolicyDefinitions"
"","13040","azureBlobPush_withoutDestFolder()","","Mon Jun 08 04:39:18 UTC 2026","passed","Mon Jun 08 04:39:31 UTC 2026","","org.eclipse.tractusx.edc.tests.transfer.AzureToAzureEndToEndTest","org.eclipse.tractusx.edc.tests.transfer.AzureToAzureEndToEndTest","azureBlobPush_withoutDestFolder"
"","61","triggerDataTransfer_shouldFail_whenDataFlowDoesNotExist()","","Mon Jun 08 04:39:13 UTC 2026","passed","Mon Jun 08 04:39:13 UTC 2026","","org.eclipse.tractusx.edc.tests.transfer.DataFlowApiEndToEndTest","org.eclipse.tractusx.edc.tests.transfer.DataFlowApiEndToEndTest","triggerDataTransfer_shouldFail_whenDataFlowDoesNotExist"
"","2620","shouldDelegateAuth()","","Mon Jun 08 04:39:41 UTC 2026","passed","Mon Jun 08 04:39:43 UTC 2026","","org.eclipse.tractusx.edc.tests.auth.DelegatedAuthEndToEndTest","org.eclipse.tractusx.edc.tests.auth.DelegatedAuthEndToEndTest","shouldDelegateAuth"
"","2045","transferFile_s3ToAzure(Vault)","","Mon Jun 08 04:39:31 UTC 2026","passed","Mon Jun 08 04:39:33 UTC 2026","","org.eclipse.tractusx.edc.dataplane.transfer.test.MultiCloudTest","org.eclipse.tractusx.edc.dataplane.transfer.test.MultiCloudTest","transferFile_s3ToAzure"
"","542","discoveryShouldReturnDspParams_BpnAsIdentifier()","","Mon Jun 08 04:38:56 UTC 2026","passed","Mon Jun 08 04:38:57 UTC 2026","","org.eclipse.tractusx.edc.discovery.e2e.ConnectorDiscoveryTest","org.eclipse.tractusx.edc.discovery.e2e.ConnectorDiscoveryTest","discoveryShouldReturnDspParams_BpnAsIdentifier"
"","221","Consumer gets catalog from the provider. No constraints.","","Mon Jun 08 04:40:41 UTC 2026","passed","Mon Jun 08 04:40:41 UTC 2026","","org.eclipse.tractusx.edc.tests.catalog.CatalogTestDspV08","org.eclipse.tractusx.edc.tests.catalog.CatalogTestDspV08","requestCatalog_fulfillsPolicy_shouldReturnOffer"
"","78","Policy is not accepted because definition is not correct ""Usage policy permission with not allowed constraints""","","Mon Jun 08 04:39:17 UTC 2026","passed","Mon Jun 08 04:39:17 UTC 2026","","org.eclipse.tractusx.edc.tests.policy.PolicyDefinitionEndToEndTest","org.eclipse.tractusx.edc.tests.policy.PolicyDefinitionEndToEndTest","shouldNotAcceptInvalidPolicyDefinitions"
"","2566","transferFile_azureToS3MultipleFiles(Vault)","","Mon Jun 08 04:39:26 UTC 2026","passed","Mon Jun 08 04:39:29 UTC 2026","","org.eclipse.tractusx.edc.dataplane.transfer.test.MultiCloudTest","org.eclipse.tractusx.edc.dataplane.transfer.test.MultiCloudTest","transferFile_azureToS3MultipleFiles"
"","68","Policy is accepted ""Warranty""","","Mon Jun 08 04:39:15 UTC 2026","passed","Mon Jun 08 04:39:15 UTC 2026","","org.eclipse.tractusx.edc.tests.policy.PolicyDefinitionEndToEndTest","org.eclipse.tractusx.edc.tests.policy.PolicyDefinitionEndToEndTest","shouldAcceptValidPolicyDefinitions"
"","39","Policy is not accepted due to missing context ""Data Frequency""","","Mon Jun 08 04:39:17 UTC 2026","passed","Mon Jun 08 04:39:17 UTC 2026","","org.eclipse.tractusx.edc.tests.policy.PolicyDefinitionEndToEndTest","org.eclipse.tractusx.edc.tests.policy.PolicyDefinitionEndToEndTest","shouldNotAcceptInvalidNamespacePolicyDefinitions"
"","48","Policy is not accepted because definition is not correct ""Policy with unknown actions types""","","Mon Jun 08 04:39:16 UTC 2026","passed","Mon Jun 08 04:39:16 UTC 2026","","org.eclipse.tractusx.edc.tests.policy.PolicyDefinitionEndToEndTest","org.eclipse.tractusx.edc.tests.policy.PolicyDefinitionEndToEndTest","shouldNotAcceptInvalidPolicyDefinitions"
"","22","discoveryShouldReturn400_ifRequestHasMissingProps()","","Mon Jun 08 04:39:31 UTC 2026","passed","Mon Jun 08 04:39:31 UTC 2026","","org.eclipse.tractusx.edc.discovery.e2e.ConnectorParameterDiscoveryTest","org.eclipse.tractusx.edc.discovery.e2e.ConnectorParameterDiscoveryTest","discoveryShouldReturn400_ifRequestHasMissingProps"
"","2423","The sign key of the authentication token is different from the public key from the DID","","Mon Jun 08 04:39:07 UTC 2026","passed","Mon Jun 08 04:39:09 UTC 2026","","org.eclipse.tractusx.edc.dataplane.tokenrefresh.e2e.DataPlaneTokenRefreshEndToEndTest","org.eclipse.tractusx.edc.dataplane.tokenrefresh.e2e.DataPlaneTokenRefreshEndToEndTest","refresh_spoofedAuthToken"
"","46","Policy is not accepted due to missing context ""Warranty Duration Months""","","Mon Jun 08 04:39:18 UTC 2026","passed","Mon Jun 08 04:39:18 UTC 2026","","org.eclipse.tractusx.edc.tests.policy.PolicyDefinitionEndToEndTest","org.eclipse.tractusx.edc.tests.policy.PolicyDefinitionEndToEndTest","shouldNotAcceptInvalidNamespacePolicyDefinitions"
"","293","retireAgreement_shouldFail_whenAgreementDoesNotExist()","","Mon Jun 08 04:39:34 UTC 2026","passed","Mon Jun 08 04:39:34 UTC 2026","","org.eclipse.tractusx.edc.tests.transfer.RetireAgreementTest","org.eclipse.tractusx.edc.tests.transfer.RetireAgreementTest","retireAgreement_shouldFail_whenAgreementDoesNotExist"
"","104","discoveryShouldReturn08DspParams_whenDsp2025NotAvailable_BpnAsIdentifier()","","Mon Jun 08 04:39:31 UTC 2026","passed","Mon Jun 08 04:39:31 UTC 2026","","org.eclipse.tractusx.edc.discovery.e2e.ConnectorParameterDiscoveryTest","org.eclipse.tractusx.edc.discovery.e2e.ConnectorParameterDiscoveryTest","discoveryShouldReturn08DspParams_whenDsp2025NotAvailable_BpnAsIdentifier"
"","47","5.4.3.7 Verifier should reject an expired credential","","Mon Jun 08 04:39:00 UTC 2026","passed","Mon Jun 08 04:39:00 UTC 2026","","org.eclipse.dataspacetck.dcp.verification.presentation.verifier.PresentationFlowSection5Test","org.eclipse.dataspacetck.dcp.verification.presentation.verifier.PresentationFlowSection5Test","verifier_05_04_03_07_presentationResponse_expiredCredential"
"","2437","Refresh token is null or empty (missing) [2] """"","","Mon Jun 08 04:38:59 UTC 2026","passed","Mon Jun 08 04:39:02 UTC 2026","","org.eclipse.tractusx.edc.dataplane.tokenrefresh.e2e.DataPlaneTokenRefreshEndToEndTest","org.eclipse.tractusx.edc.dataplane.tokenrefresh.e2e.DataPlaneTokenRefreshEndToEndTest","refresh_invalidRefreshToken"
"","3498","transferData_unsuccessful_notReturnOriginalSourceResponseCode_withTerminate()","","Mon Jun 08 04:40:27 UTC 2026","passed","Mon Jun 08 04:40:30 UTC 2026","","org.eclipse.tractusx.edc.tests.transfer.TransferPullEndToEndTest.Dsp08to08","org.eclipse.tractusx.edc.tests.transfer.TransferPullEndToEndTest$Dsp08to08","transferData_unsuccessful_notReturnOriginalSourceResponseCode_withTerminate"
"","85","Provider gets 200 when asset selector has a valid criterion","","Mon Jun 08 04:39:56 UTC 2026","passed","Mon Jun 08 04:39:56 UTC 2026","","org.eclipse.tractusx.edc.tests.validators.EmptyAssetSelectorValidatorTest","org.eclipse.tractusx.edc.tests.validators.EmptyAssetSelectorValidatorTest","shouldPass_whenContractDefinitionHasCorrectAssetSelector"
"","7542","transferData_success_withProxyOriginalResponse_withoutSourceResponseBody()","","Mon Jun 08 04:40:19 UTC 2026","passed","Mon Jun 08 04:40:27 UTC 2026","","org.eclipse.tractusx.edc.tests.transfer.TransferPullEndToEndTest.Dsp08to08","org.eclipse.tractusx.edc.tests.transfer.TransferPullEndToEndTest$Dsp08to08","transferData_success_withProxyOriginalResponse_withoutSourceResponseBody"
"","62","Policy is not accepted due to missing context ""Liability""","","Mon Jun 08 04:39:17 UTC 2026","passed","Mon Jun 08 04:39:18 UTC 2026","","org.eclipse.tractusx.edc.tests.policy.PolicyDefinitionEndToEndTest","org.eclipse.tractusx.edc.tests.policy.PolicyDefinitionEndToEndTest","shouldNotAcceptInvalidNamespacePolicyDefinitions"
"","1","verifyAgentId_whenNoMembershipCredential_forDsp2025(DataspaceProfileContextRegistry)","","Mon Jun 08 04:41:00 UTC 2026","passed","Mon Jun 08 04:41:00 UTC 2026","","org.eclipse.tractusx.edc.tests.transfer.IdentityExtractionTest","org.eclipse.tractusx.edc.tests.transfer.IdentityExtractionTest","verifyAgentId_whenNoMembershipCredential_forDsp2025"
"","2647","The Authorization header is missing","","Mon Jun 08 04:38:52 UTC 2026","passed","Mon Jun 08 04:38:54 UTC 2026","","org.eclipse.tractusx.edc.dataplane.tokenrefresh.e2e.DataPlaneTokenRefreshEndToEndTest","org.eclipse.tractusx.edc.dataplane.tokenrefresh.e2e.DataPlaneTokenRefreshEndToEndTest","refresh_missingAuthHeader"
"","36","Verifier should reject an auth token without the Bearer prefix","","Mon Jun 08 04:38:59 UTC 2026","passed","Mon Jun 08 04:38:59 UTC 2026","","org.eclipse.dataspacetck.dcp.verification.presentation.verifier.PresentationFlowSection4Test","org.eclipse.dataspacetck.dcp.verification.presentation.verifier.PresentationFlowSection4Test","presentationResponse_rejectMissingBearerPrefix"
"","39","Policy is not accepted due to missing context ""Contract reference""","","Mon Jun 08 04:39:18 UTC 2026","passed","Mon Jun 08 04:39:18 UTC 2026","","org.eclipse.tractusx.edc.tests.policy.PolicyDefinitionEndToEndTest","org.eclipse.tractusx.edc.tests.policy.PolicyDefinitionEndToEndTest","shouldNotAcceptInvalidNamespacePolicyDefinitions"
"","278","Verify that the consumer receives only the offers he is permitted to (using the legacy BPN validation)","","Mon Jun 08 04:40:19 UTC 2026","passed","Mon Jun 08 04:40:19 UTC 2026","","org.eclipse.tractusx.edc.tests.catalog.CatalogTest","org.eclipse.tractusx.edc.tests.catalog.CatalogTest","requestCatalog_filteredByBpnLegacy_shouldReject"
"","57","Policy is not accepted due to missing context ""Liability""","","Mon Jun 08 04:39:17 UTC 2026","passed","Mon Jun 08 04:39:17 UTC 2026","","org.eclipse.tractusx.edc.tests.policy.PolicyDefinitionEndToEndTest","org.eclipse.tractusx.edc.tests.policy.PolicyDefinitionEndToEndTest","shouldNotAcceptInvalidNamespacePolicyDefinitions"
"","10203","transferData_withAutomaticRefresh()","","Mon Jun 08 04:44:33 UTC 2026","passed","Mon Jun 08 04:44:43 UTC 2026","","org.eclipse.tractusx.edc.tests.transfer.TransferWithTokenRefreshTest","org.eclipse.tractusx.edc.tests.transfer.TransferWithTokenRefreshTest","transferData_withAutomaticRefresh"
"","5040","transferData_failing_withProxyOriginalResponse_withoutSourceResponseBody()","","Mon Jun 08 04:42:15 UTC 2026","passed","Mon Jun 08 04:42:20 UTC 2026","","org.eclipse.tractusx.edc.tests.transfer.TransferPullEndToEndTest.Dsp2025to2025","org.eclipse.tractusx.edc.tests.transfer.TransferPullEndToEndTest$Dsp2025to2025","transferData_failing_withProxyOriginalResponse_withoutSourceResponseBody"
"","2409","The authentication token misses required claims: audience","","Mon Jun 08 04:39:09 UTC 2026","passed","Mon Jun 08 04:39:11 UTC 2026","","org.eclipse.tractusx.edc.dataplane.tokenrefresh.e2e.DataPlaneTokenRefreshEndToEndTest","org.eclipse.tractusx.edc.dataplane.tokenrefresh.e2e.DataPlaneTokenRefreshEndToEndTest","refresh_invalidAuthenticationToken_missingAudience"
"","147","X.X Verifier should reject Presentations where at least 1 credential schema is violated","","Mon Jun 08 04:39:00 UTC 2026","passed","Mon Jun 08 04:39:00 UTC 2026","","org.eclipse.dataspacetck.dcp.verification.presentation.verifier.PresentationFlowSection5Test","org.eclipse.dataspacetck.dcp.verification.presentation.verifier.PresentationFlowSection5Test","verifier_x_x_presentationResponse_invalidCredentialSchema"
"","44","Policy is not accepted due to missing context ""Data Usage End Date Definition""","","Mon Jun 08 04:39:17 UTC 2026","passed","Mon Jun 08 04:39:17 UTC 2026","","org.eclipse.tractusx.edc.tests.policy.PolicyDefinitionEndToEndTest","org.eclipse.tractusx.edc.tests.policy.PolicyDefinitionEndToEndTest","shouldNotAcceptInvalidNamespacePolicyDefinitions"
"","70","Policy is accepted ""Liability""","","Mon Jun 08 04:39:15 UTC 2026","passed","Mon Jun 08 04:39:15 UTC 2026","","org.eclipse.tractusx.edc.tests.policy.PolicyDefinitionEndToEndTest","org.eclipse.tractusx.edc.tests.policy.PolicyDefinitionEndToEndTest","shouldAcceptValidPolicyDefinitions"
"","59","4.3.1 Verifier should reject an ID token that does not contain an access token","","Mon Jun 08 04:38:59 UTC 2026","passed","Mon Jun 08 04:38:59 UTC 2026","","org.eclipse.dataspacetck.dcp.verification.presentation.verifier.PresentationFlowSection4Test","org.eclipse.dataspacetck.dcp.verification.presentation.verifier.PresentationFlowSection4Test","verifier_04_03_01_presentationResponse_idTokenNoTokenClaim"
"","55","5.4.3.6 Verifier should reject a credential that is not yet valid","","Mon Jun 08 04:39:00 UTC 2026","passed","Mon Jun 08 04:39:00 UTC 2026","","org.eclipse.dataspacetck.dcp.verification.presentation.verifier.PresentationFlowSection5Test","org.eclipse.dataspacetck.dcp.verification.presentation.verifier.PresentationFlowSection5Test","verifier_05_04_03_06_presentationResponse_notYetValidCredential"
"","62","Policy is not accepted because definition is not correct ""Policy with different actions types""","","Mon Jun 08 04:39:16 UTC 2026","passed","Mon Jun 08 04:39:16 UTC 2026","","org.eclipse.tractusx.edc.tests.policy.PolicyDefinitionEndToEndTest","org.eclipse.tractusx.edc.tests.policy.PolicyDefinitionEndToEndTest","shouldNotAcceptInvalidPolicyDefinitions"
"","43","Policy is not accepted due to missing context ""DataExchangeGovernance use case""","","Mon Jun 08 04:39:17 UTC 2026","passed","Mon Jun 08 04:39:17 UTC 2026","","org.eclipse.tractusx.edc.tests.policy.PolicyDefinitionEndToEndTest","org.eclipse.tractusx.edc.tests.policy.PolicyDefinitionEndToEndTest","shouldNotAcceptInvalidNamespacePolicyDefinitions"
"","2040","transferFile_targetContainerNotExist_shouldFail(Vault)","","Mon Jun 08 04:39:15 UTC 2026","passed","Mon Jun 08 04:39:17 UTC 2026","","org.eclipse.tractusx.edc.dataplane.transfer.test.AzureToAzureTest","org.eclipse.tractusx.edc.dataplane.transfer.test.AzureToAzureTest","transferFile_targetContainerNotExist_shouldFail"
"","5050","transferData_failing_withProxyOriginalResponse()","","Mon Jun 08 04:41:54 UTC 2026","passed","Mon Jun 08 04:41:59 UTC 2026","","org.eclipse.tractusx.edc.tests.transfer.TransferPullEndToEndTest.Dsp2025to2025","org.eclipse.tractusx.edc.tests.transfer.TransferPullEndToEndTest$Dsp2025to2025","transferData_failing_withProxyOriginalResponse"
"","5822","transferData_privateBackend()","","Mon Jun 08 04:40:36 UTC 2026","passed","Mon Jun 08 04:40:42 UTC 2026","","org.eclipse.tractusx.edc.tests.transfer.DivConsumerPullTest","org.eclipse.tractusx.edc.tests.transfer.DivConsumerPullTest","transferData_privateBackend"
"","15306","transferData_withTerminate()","","Mon Jun 08 04:40:34 UTC 2026","passed","Mon Jun 08 04:40:49 UTC 2026","","org.eclipse.tractusx.edc.tests.transfer.TransferPullEndToEndTest.Dsp08to08","org.eclipse.tractusx.edc.tests.transfer.TransferPullEndToEndTest$Dsp08to08","transferData_withTerminate"
"","492","Verify that the consumer receives only the offers he is permitted to (using the legacy CX policy)","","Mon Jun 08 04:40:40 UTC 2026","passed","Mon Jun 08 04:40:41 UTC 2026","","org.eclipse.tractusx.edc.tests.catalog.CatalogTestDspV08","org.eclipse.tractusx.edc.tests.catalog.CatalogTestDspV08","requestCatalog_filteredByBpn_UsingLegacyCxPolicy_shouldReject"
"","78","Policy is accepted ""Confidential Information Measures""","","Mon Jun 08 04:39:15 UTC 2026","passed","Mon Jun 08 04:39:15 UTC 2026","","org.eclipse.tractusx.edc.tests.policy.PolicyDefinitionEndToEndTest","org.eclipse.tractusx.edc.tests.policy.PolicyDefinitionEndToEndTest","shouldAcceptValidPolicyDefinitions"
"","637","Expect the Catalog request to fail if a credential is revoked","","Mon Jun 08 04:40:20 UTC 2026","passed","Mon Jun 08 04:40:21 UTC 2026","","org.eclipse.tractusx.edc.tests.transfer.DivConsumerPullTest","org.eclipse.tractusx.edc.tests.transfer.DivConsumerPullTest","catalogRequest_whenCredentialRevoked"
"","8580","transferData_withSuspendResume()","","Mon Jun 08 04:42:25 UTC 2026","passed","Mon Jun 08 04:42:34 UTC 2026","","org.eclipse.tractusx.edc.tests.transfer.TransferPullEndToEndTest.Dsp2025to2025","org.eclipse.tractusx.edc.tests.transfer.TransferPullEndToEndTest$Dsp2025to2025","transferData_withSuspendResume"
"","77","Policy is accepted ""Data Usage End Date Definition""","","Mon Jun 08 04:39:14 UTC 2026","passed","Mon Jun 08 04:39:14 UTC 2026","","org.eclipse.tractusx.edc.tests.policy.PolicyDefinitionEndToEndTest","org.eclipse.tractusx.edc.tests.policy.PolicyDefinitionEndToEndTest","shouldAcceptValidPolicyDefinitions"
"","39","Policy is not accepted due to missing context ""Confidential Information Sharing""","","Mon Jun 08 04:39:18 UTC 2026","passed","Mon Jun 08 04:39:18 UTC 2026","","org.eclipse.tractusx.edc.tests.policy.PolicyDefinitionEndToEndTest","org.eclipse.tractusx.edc.tests.policy.PolicyDefinitionEndToEndTest","shouldNotAcceptInvalidNamespacePolicyDefinitions"
"","1716","trigger_shouldReturnSuccess_whenAllValidationsSucceed()","","Mon Jun 08 04:39:10 UTC 2026","passed","Mon Jun 08 04:39:12 UTC 2026","","org.eclipse.tractusx.edc.tests.transfer.DataFlowApiEndToEndTest","org.eclipse.tractusx.edc.tests.transfer.DataFlowApiEndToEndTest","trigger_shouldReturnSuccess_whenAllValidationsSucceed"
"","25","discoveryShouldReturn400_whenDidNotResolvable()","","Mon Jun 08 04:39:31 UTC 2026","passed","Mon Jun 08 04:39:31 UTC 2026","","org.eclipse.tractusx.edc.discovery.e2e.ConnectorParameterDiscoveryTest","org.eclipse.tractusx.edc.discovery.e2e.ConnectorParameterDiscoveryTest","discoveryShouldReturn400_whenDidNotResolvable"
"","161401","assertDspCompatibility()","","Mon Jun 08 04:38:45 UTC 2026","passed","Mon Jun 08 04:41:27 UTC 2026","","org.eclipse.tractusx.edc.tests.tck.dsp.EdcCompatibilityPostgresTest","org.eclipse.tractusx.edc.tests.tck.dsp.EdcCompatibilityPostgresTest","assertDspCompatibility"
"","67","Policy is accepted ""Enforce data usage end date 1 second in the future""","","Mon Jun 08 04:39:16 UTC 2026","passed","Mon Jun 08 04:39:16 UTC 2026","","org.eclipse.tractusx.edc.tests.policy.PolicyDefinitionEndToEndTest","org.eclipse.tractusx.edc.tests.policy.PolicyDefinitionEndToEndTest","shouldAcceptValidPolicyDefinitions"
"","2410","The refresh token does not match the stored one","","Mon Jun 08 04:39:04 UTC 2026","passed","Mon Jun 08 04:39:07 UTC 2026","","org.eclipse.tractusx.edc.dataplane.tokenrefresh.e2e.DataPlaneTokenRefreshEndToEndTest","org.eclipse.tractusx.edc.dataplane.tokenrefresh.e2e.DataPlaneTokenRefreshEndToEndTest","refresh_withWrongRefreshToken"
"","3670","transferData_failing_withProxyOriginalResponse()","","Mon Jun 08 04:40:30 UTC 2026","passed","Mon Jun 08 04:40:34 UTC 2026","","org.eclipse.tractusx.edc.tests.transfer.TransferPullEndToEndTest.Dsp08to08","org.eclipse.tractusx.edc.tests.transfer.TransferPullEndToEndTest$Dsp08to08","transferData_failing_withProxyOriginalResponse"
"","67","Policy is accepted ""Data Frequency""","","Mon Jun 08 04:39:14 UTC 2026","passed","Mon Jun 08 04:39:14 UTC 2026","","org.eclipse.tractusx.edc.tests.policy.PolicyDefinitionEndToEndTest","org.eclipse.tractusx.edc.tests.policy.PolicyDefinitionEndToEndTest","shouldAcceptValidPolicyDefinitions"
"","4078","transferData_privateBackend()","","Mon Jun 08 04:41:31 UTC 2026","passed","Mon Jun 08 04:41:35 UTC 2026","","org.eclipse.tractusx.edc.tests.transfer.StsConsumerPullTest","org.eclipse.tractusx.edc.tests.transfer.StsConsumerPullTest","transferData_privateBackend"
"","266","shouldFail_whenDestinationBucketDoesNotExist()","","Mon Jun 08 04:39:45 UTC 2026","passed","Mon Jun 08 04:39:45 UTC 2026","","org.eclipse.tractusx.edc.dataplane.transfer.test.S3ToS3Test","org.eclipse.tractusx.edc.dataplane.transfer.test.S3ToS3Test","shouldFail_whenDestinationBucketDoesNotExist"
"","51","Policy is not accepted due to missing context ""Jurisdiction Location""","","Mon Jun 08 04:39:17 UTC 2026","passed","Mon Jun 08 04:39:17 UTC 2026","","org.eclipse.tractusx.edc.tests.policy.PolicyDefinitionEndToEndTest","org.eclipse.tractusx.edc.tests.policy.PolicyDefinitionEndToEndTest","shouldNotAcceptInvalidNamespacePolicyDefinitions"
"","17254","shouldTransferOneGbFile()","","Mon Jun 08 04:39:45 UTC 2026","passed","Mon Jun 08 04:40:02 UTC 2026","","org.eclipse.tractusx.edc.dataplane.transfer.test.S3ToS3Test","org.eclipse.tractusx.edc.dataplane.transfer.test.S3ToS3Test","shouldTransferOneGbFile"
"","40","Policy is not accepted due to missing context ""Confidential Information Measures""","","Mon Jun 08 04:39:18 UTC 2026","passed","Mon Jun 08 04:39:18 UTC 2026","","org.eclipse.tractusx.edc.tests.policy.PolicyDefinitionEndToEndTest","org.eclipse.tractusx.edc.tests.policy.PolicyDefinitionEndToEndTest","shouldNotAcceptInvalidNamespacePolicyDefinitions"
